company_id,peer_group_name,metric,value,percentile_rank,year
ADANIGREEN,Power & Utilities,return_on_equity_pct,12.81,42.86,Mar 2024
ADANIPOWER,Power & Utilities,return_on_equity_pct,48.28,100.0,Mar 2024
JSWENERGY,Power & Utilities,return_on_equity_pct,8.28,14.29,Mar 2024
NHPC,Power & Utilities,return_on_equity_pct,10.41,28.57,Mar 2024
NTPC,Power & Utilities,return_on_equity_pct,13.27,71.43,Mar 2024
POWERGRID,Power & Utilities,return_on_equity_pct,17.87,85.71,Mar 2024
TATAPOWER,Power & Utilities,return_on_equity_pct,13.23,57.14,Mar 2024
ADANIGREEN,Power & Utilities,return_on_capital_employed_pct,16.5,57.14,Mar 2024
ADANIPOWER,Power & Utilities,return_on_capital_employed_pct,27.8,100.0,Mar 2024
JSWENERGY,Power & Utilities,return_on_capital_employed_pct,14.19,28.57,Mar 2024
NHPC,Power & Utilities,return_on_capital_employed_pct,7.6,14.29,Mar 2024
NTPC,Power & Utilities,return_on_capital_employed_pct,16.03,42.86,Mar 2024
POWERGRID,Power & Utilities,return_on_capital_employed_pct,23.07,85.71,Mar 2024
TATAPOWER,Power & Utilities,return_on_capital_employed_pct,17.86,71.43,Mar 2024
ADANIGREEN,Power & Utilities,net_profit_margin_pct,13.67,42.86,Mar 2024
ADANIPOWER,Power & Utilities,net_profit_margin_pct,41.37,85.71,Mar 2024
JSWENERGY,Power & Utilities,net_profit_margin_pct,15.02,57.14,Mar 2024
NHPC,Power & Utilities,net_profit_margin_pct,41.82,100.0,Mar 2024
NTPC,Power & Utilities,net_profit_margin_pct,11.95,28.57,Mar 2024
POWERGRID,Power & Utilities,net_profit_margin_pct,33.97,71.43,Mar 2024
TATAPOWER,Power & Utilities,net_profit_margin_pct,6.97,14.29,Mar 2024
ADANIGREEN,Power & Utilities,debt_to_equity,6.6,0.0,Mar 2024
ADANIPOWER,Power & Utilities,debt_to_equity,0.8,85.71,Mar 2024
JSWENERGY,Power & Utilities,debt_to_equity,1.52,28.57,Mar 2024
NHPC,Power & Utilities,debt_to_equity,0.84,71.43,Mar 2024
NTPC,Power & Utilities,debt_to_equity,1.48,42.86,Mar 2024
POWERGRID,Power & Utilities,debt_to_equity,1.42,57.14,Mar 2024
TATAPOWER,Power & Utilities,debt_to_equity,1.66,14.29,Mar 2024
ADANIGREEN,Power & Utilities,free_cash_flow_cr,-13347.0,14.29,Mar 2024
ADANIPOWER,Power & Utilities,free_cash_flow_cr,17651.0,85.71,Mar 2024
JSWENERGY,Power & Utilities,free_cash_flow_cr,-1963.0,28.57,Mar 2024
NHPC,Power & Utilities,free_cash_flow_cr,970.0,42.86,Mar 2024
NTPC,Power & Utilities,free_cash_flow_cr,8644.0,71.43,Mar 2024
POWERGRID,Power & Utilities,free_cash_flow_cr,24176.0,100.0,Mar 2024
TATAPOWER,Power & Utilities,free_cash_flow_cr,3569.0,57.14,Mar 2024
ADANIGREEN,Power & Utilities,pat_cagr_5yr,,,Mar 2024
ADANIPOWER,Power & Utilities,pat_cagr_5yr,,,Mar 2024
JSWENERGY,Power & Utilities,pat_cagr_5yr,20.32,100.0,Mar 2024
NHPC,Power & Utilities,pat_cagr_5yr,7.27,20.0,Mar 2024
NTPC,Power & Utilities,pat_cagr_5yr,8.74,40.0,Mar 2024
POWERGRID,Power & Utilities,pat_cagr_5yr,9.19,60.0,Mar 2024
TATAPOWER,Power & Utilities,pat_cagr_5yr,10.43,80.0,Mar 2024
ADANIGREEN,Power & Utilities,revenue_cagr_5yr,34.98,100.0,Mar 2024
ADANIPOWER,Power & Utilities,revenue_cagr_5yr,16.09,85.71,Mar 2024
JSWENERGY,Power & Utilities,revenue_cagr_5yr,4.68,28.57,Mar 2024
NHPC,Power & Utilities,revenue_cagr_5yr,1.4,14.29,Mar 2024
NTPC,Power & Utilities,revenue_cagr_5yr,12.22,57.14,Mar 2024
POWERGRID,Power & Utilities,revenue_cagr_5yr,5.51,42.86,Mar 2024
TATAPOWER,Power & Utilities,revenue_cagr_5yr,15.51,71.43,Mar 2024
ADANIGREEN,Power & Utilities,eps_cagr_5yr,,,Mar 2024
ADANIPOWER,Power & Utilities,eps_cagr_5yr,,,Mar 2024
JSWENERGY,Power & Utilities,eps_cagr_5yr,20.11,100.0,Mar 2024
NHPC,Power & Utilities,eps_cagr_5yr,5.92,30.0,Mar 2024
NTPC,Power & Utilities,eps_cagr_5yr,8.45,60.0,Mar 2024
POWERGRID,Power & Utilities,eps_cagr_5yr,9.1,80.0,Mar 2024
TATAPOWER,Power & Utilities,eps_cagr_5yr,5.92,30.0,Mar 2024
ADANIGREEN,Power & Utilities,interest_coverage,1.71,14.29,Mar 2024
ADANIPOWER,Power & Utilities,interest_coverage,8.3,85.71,Mar 2024
JSWENERGY,Power & Utilities,interest_coverage,2.85,28.57,Mar 2024
NHPC,Power & Utilities,interest_coverage,11.24,100.0,Mar 2024
NTPC,Power & Utilities,interest_coverage,4.6,64.29,Mar 2024
POWERGRID,Power & Utilities,interest_coverage,4.6,64.29,Mar 2024
TATAPOWER,Power & Utilities,interest_coverage,3.05,42.86,Mar 2024
ADANIGREEN,Power & Utilities,asset_turnover,0.1,21.43,Mar 2024
ADANIPOWER,Power & Utilities,asset_turnover,0.55,100.0,Mar 2024
JSWENERGY,Power & Utilities,asset_turnover,0.2,57.14,Mar 2024
NHPC,Power & Utilities,asset_turnover,0.1,21.43,Mar 2024
NTPC,Power & Utilities,asset_turnover,0.37,71.43,Mar 2024
POWERGRID,Power & Utilities,asset_turnover,0.18,42.86,Mar 2024
TATAPOWER,Power & Utilities,asset_turnover,0.44,85.71,Mar 2024
AXISBANK,Private Banks,return_on_equity_pct,15.83,80.0,Mar 2024
HDFCBANK,Private Banks,return_on_equity_pct,14.34,60.0,Mar 2024
ICICIBANK,Private Banks,return_on_equity_pct,17.99,100.0,Mar 2024
INDUSINDBK,Private Banks,return_on_equity_pct,14.25,40.0,Mar 2024
KOTAKBANK,Private Banks,return_on_equity_pct,14.01,20.0,Mar 2024
AXISBANK,Private Banks,return_on_capital_employed_pct,4.16,20.0,Mar 2024
HDFCBANK,Private Banks,return_on_capital_employed_pct,8.38,60.0,Mar 2024
ICICIBANK,Private Banks,return_on_capital_employed_pct,9.23,80.0,Mar 2024
INDUSINDBK,Private Banks,return_on_capital_employed_pct,5.46,40.0,Mar 2024
KOTAKBANK,Private Banks,return_on_capital_employed_pct,13.08,100.0,Mar 2024
AXISBANK,Private Banks,net_profit_margin_pct,22.73,40.0,Mar 2024
HDFCBANK,Private Banks,net_profit_margin_pct,23.07,60.0,Mar 2024
ICICIBANK,Private Banks,net_profit_margin_pct,28.89,80.0,Mar 2024
INDUSINDBK,Private Banks,net_profit_margin_pct,19.56,20.0,Mar 2024
KOTAKBANK,Private Banks,net_profit_margin_pct,32.39,100.0,Mar 2024
AXISBANK,Private Banks,debt_to_equity,8.25,0.0,Mar 2024
HDFCBANK,Private Banks,debt_to_equity,6.81,40.0,Mar 2024
ICICIBANK,Private Banks,debt_to_equity,6.45,60.0,Mar 2024
INDUSINDBK,Private Banks,debt_to_equity,6.89,20.0,Mar 2024
KOTAKBANK,Private Banks,debt_to_equity,4.0,80.0,Mar 2024
AXISBANK,Private Banks,free_cash_flow_cr,-14556.0,40.0,Mar 2024
HDFCBANK,Private Banks,free_cash_flow_cr,35669.0,100.0,Mar 2024
ICICIBANK,Private Banks,free_cash_flow_cr,12547.0,80.0,Mar 2024
INDUSINDBK,Private Banks,free_cash_flow_cr,-17468.0,20.0,Mar 2024
KOTAKBANK,Private Banks,free_cash_flow_cr,6766.0,60.0,Mar 2024
AXISBANK,Private Banks,pat_cagr_5yr,39.67,80.0,Mar 2024
HDFCBANK,Private Banks,pat_cagr_5yr,23.87,60.0,Mar 2024
ICICIBANK,Private Banks,pat_cagr_5yr,51.95,100.0,Mar 2024
INDUSINDBK,Private Banks,pat_cagr_5yr,22.08,40.0,Mar 2024
KOTAKBANK,Private Banks,pat_cagr_5yr,20.38,20.0,Mar 2024
AXISBANK,Private Banks,revenue_cagr_5yr,14.74,40.0,Mar 2024
HDFCBANK,Private Banks,revenue_cagr_5yr,21.95,100.0,Mar 2024
ICICIBANK,Private Banks,revenue_cagr_5yr,17.25,80.0,Mar 2024
INDUSINDBK,Private Banks,revenue_cagr_5yr,15.5,60.0,Mar 2024
KOTAKBANK,Private Banks,revenue_cagr_5yr,13.52,20.0,Mar 2024
AXISBANK,Private Banks,eps_cagr_5yr,35.1,80.0,Mar 2024
HDFCBANK,Private Banks,eps_cagr_5yr,15.42,20.0,Mar 2024
ICICIBANK,Private Banks,eps_cagr_5yr,55.18,100.0,Mar 2024
INDUSINDBK,Private Banks,eps_cagr_5yr,15.9,40.0,Mar 2024
KOTAKBANK,Private Banks,eps_cagr_5yr,19.34,60.0,Mar 2024
AXISBANK,Private Banks,interest_coverage,1.69,80.0,Mar 2024
HDFCBANK,Private Banks,interest_coverage,1.4,60.0,Mar 2024
ICICIBANK,Private Banks,interest_coverage,1.3,40.0,Mar 2024
INDUSINDBK,Private Banks,interest_coverage,1.88,100.0,Mar 2024
KOTAKBANK,Private Banks,interest_coverage,1.24,20.0,Mar 2024
AXISBANK,Private Banks,asset_turnover,0.07,50.0,Mar 2024
HDFCBANK,Private Banks,asset_turnover,0.07,50.0,Mar 2024
ICICIBANK,Private Banks,asset_turnover,0.07,50.0,Mar 2024
INDUSINDBK,Private Banks,asset_turnover,0.09,100.0,Mar 2024
KOTAKBANK,Private Banks,asset_turnover,0.07,50.0,Mar 2024
BAJAJ-AUTO,Automobiles,return_on_equity_pct,26.61,85.71,Mar 2024
EICHERMOT,Automobiles,return_on_equity_pct,22.17,57.14,Mar 2024
HEROMOTOCO,Automobiles,return_on_equity_pct,21.14,42.86,Mar 2024
M&M,Automobiles,return_on_equity_pct,18.54,28.57,Mar 2024
MARUTI,Automobiles,return_on_equity_pct,15.75,14.29,Mar 2024
TATAMOTORS,Automobiles,return_on_equity_pct,37.46,100.0,Mar 2024
TVSMOTOR,Automobiles,return_on_equity_pct,26.22,71.43,Mar 2024
BAJAJ-AUTO,Automobiles,return_on_capital_employed_pct,28.58,71.43,Mar 2024
EICHERMOT,Automobiles,return_on_capital_employed_pct,23.72,57.14,Mar 2024
HEROMOTOCO,Automobiles,return_on_capital_employed_pct,181.61,100.0,Mar 2024
M&M,Automobiles,return_on_capital_employed_pct,18.52,14.29,Mar 2024
MARUTI,Automobiles,return_on_capital_employed_pct,21.95,28.57,Mar 2024
TATAMOTORS,Automobiles,return_on_capital_employed_pct,36.18,85.71,Mar 2024
TVSMOTOR,Automobiles,return_on_capital_employed_pct,22.65,42.86,Mar 2024
BAJAJ-AUTO,Automobiles,net_profit_margin_pct,17.18,85.71,Mar 2024
EICHERMOT,Automobiles,net_profit_margin_pct,24.2,100.0,Mar 2024
HEROMOTOCO,Automobiles,net_profit_margin_pct,9.9,71.43,Mar 2024
M&M,Automobiles,net_profit_margin_pct,8.82,42.86,Mar 2024
MARUTI,Automobiles,net_profit_margin_pct,9.51,57.14,Mar 2024
TATAMOTORS,Automobiles,net_profit_margin_pct,7.26,28.57,Mar 2024
TVSMOTOR,Automobiles,net_profit_margin_pct,4.54,14.29,Mar 2024
BAJAJ-AUTO,Automobiles,debt_to_equity,0.07,42.86,Mar 2024
EICHERMOT,Automobiles,debt_to_equity,0.02,71.43,Mar 2024
HEROMOTOCO,Automobiles,debt_to_equity,0.03,57.14,Mar 2024
M&M,Automobiles,debt_to_equity,1.64,14.29,Mar 2024
MARUTI,Automobiles,debt_to_equity,0.0,85.71,Mar 2024
TATAMOTORS,Automobiles,debt_to_equity,1.26,28.57,Mar 2024
TVSMOTOR,Automobiles,debt_to_equity,3.83,0.0,Mar 2024
BAJAJ-AUTO,Automobiles,free_cash_flow_cr,6486.0,85.71,Mar 2024
EICHERMOT,Automobiles,free_cash_flow_cr,890.0,42.86,Mar 2024
HEROMOTOCO,Automobiles,free_cash_flow_cr,3095.0,57.14,Mar 2024
M&M,Automobiles,free_cash_flow_cr,-11245.0,14.29,Mar 2024
MARUTI,Automobiles,free_cash_flow_cr,4936.0,71.43,Mar 2024
TATAMOTORS,Automobiles,free_cash_flow_cr,45133.0,100.0,Mar 2024
TVSMOTOR,Automobiles,free_cash_flow_cr,-2254.0,28.57,Mar 2024
BAJAJ-AUTO,Automobiles,pat_cagr_5yr,9.36,33.33,Mar 2024
EICHERMOT,Automobiles,pat_cagr_5yr,12.68,66.67,Mar 2024
HEROMOTOCO,Automobiles,pat_cagr_5yr,1.54,16.67,Mar 2024
M&M,Automobiles,pat_cagr_5yr,15.32,83.33,Mar 2024
MARUTI,Automobiles,pat_cagr_5yr,12.01,50.0,Mar 2024
TATAMOTORS,Automobiles,pat_cagr_5yr,,,Mar 2024
TVSMOTOR,Automobiles,pat_cagr_5yr,19.67,100.0,Mar 2024
BAJAJ-AUTO,Automobiles,revenue_cagr_5yr,8.13,57.14,Mar 2024
EICHERMOT,Automobiles,revenue_cagr_5yr,11.04,85.71,Mar 2024
HEROMOTOCO,Automobiles,revenue_cagr_5yr,2.15,14.29,Mar 2024
M&M,Automobiles,revenue_cagr_5yr,5.84,28.57,Mar 2024
MARUTI,Automobiles,revenue_cagr_5yr,10.51,71.43,Mar 2024
TATAMOTORS,Automobiles,revenue_cagr_5yr,7.72,42.86,Mar 2024
TVSMOTOR,Automobiles,revenue_cagr_5yr,14.19,100.0,Mar 2024
BAJAJ-AUTO,Automobiles,eps_cagr_5yr,10.18,33.33,Mar 2024
EICHERMOT,Automobiles,eps_cagr_5yr,12.51,66.67,Mar 2024
HEROMOTOCO,Automobiles,eps_cagr_5yr,1.69,16.67,Mar 2024
M&M,Automobiles,eps_cagr_5yr,16.18,83.33,Mar 2024
MARUTI,Automobiles,eps_cagr_5yr,11.14,50.0,Mar 2024
TATAMOTORS,Automobiles,eps_cagr_5yr,,,Mar 2024
TVSMOTOR,Automobiles,eps_cagr_5yr,19.14,100.0,Mar 2024
BAJAJ-AUTO,Automobiles,interest_coverage,174.42,100.0,Mar 2024
EICHERMOT,Automobiles,interest_coverage,114.71,71.43,Mar 2024
HEROMOTOCO,Automobiles,interest_coverage,47.27,57.14,Mar 2024
M&M,Automobiles,interest_coverage,3.76,28.57,Mar 2024
MARUTI,Automobiles,interest_coverage,117.91,85.71,Mar 2024
TATAMOTORS,Automobiles,interest_coverage,6.53,42.86,Mar 2024
TVSMOTOR,Automobiles,interest_coverage,2.91,14.29,Mar 2024
BAJAJ-AUTO,Automobiles,asset_turnover,1.14,57.14,Mar 2024
EICHERMOT,Automobiles,asset_turnover,0.72,28.57,Mar 2024
HEROMOTOCO,Automobiles,asset_turnover,1.44,100.0,Mar 2024
M&M,Automobiles,asset_turnover,0.59,14.29,Mar 2024
MARUTI,Automobiles,asset_turnover,1.23,85.71,Mar 2024
TATAMOTORS,Automobiles,asset_turnover,1.19,71.43,Mar 2024
TVSMOTOR,Automobiles,asset_turnover,0.93,42.86,Mar 2024
BAJFINANCE,Consumer Finance,return_on_equity_pct,18.84,100.0,Mar 2024
CHOLAFIN,Consumer Finance,return_on_equity_pct,17.46,66.67,Mar 2024
SHRIRAMFIN,Consumer Finance,return_on_equity_pct,15.12,33.33,Mar 2024
BAJFINANCE,Consumer Finance,return_on_capital_employed_pct,4.35,66.67,Mar 2024
CHOLAFIN,Consumer Finance,return_on_capital_employed_pct,3.66,33.33,Mar 2024
SHRIRAMFIN,Consumer Finance,return_on_capital_employed_pct,10.68,100.0,Mar 2024
BAJFINANCE,Consumer Finance,net_profit_margin_pct,26.29,100.0,Mar 2024
CHOLAFIN,Consumer Finance,net_profit_margin_pct,17.85,33.33,Mar 2024
SHRIRAMFIN,Consumer Finance,net_profit_margin_pct,20.33,66.67,Mar 2024
BAJFINANCE,Consumer Finance,debt_to_equity,3.82,66.67,Mar 2024
CHOLAFIN,Consumer Finance,debt_to_equity,6.86,0.0,Mar 2024
SHRIRAMFIN,Consumer Finance,debt_to_equity,3.99,33.33,Mar 2024
BAJFINANCE,Consumer Finance,free_cash_flow_cr,-79931.0,33.33,Mar 2024
CHOLAFIN,Consumer Finance,free_cash_flow_cr,-38538.0,66.67,Mar 2024
SHRIRAMFIN,Consumer Finance,free_cash_flow_cr,-31359.0,100.0,Mar 2024
BAJFINANCE,Consumer Finance,pat_cagr_5yr,29.32,100.0,Mar 2024
CHOLAFIN,Consumer Finance,pat_cagr_5yr,23.36,33.33,Mar 2024
SHRIRAMFIN,Consumer Finance,pat_cagr_5yr,23.49,66.67,Mar 2024
BAJFINANCE,Consumer Finance,revenue_cagr_5yr,24.35,100.0,Mar 2024
CHOLAFIN,Consumer Finance,revenue_cagr_5yr,21.94,66.67,Mar 2024
SHRIRAMFIN,Consumer Finance,revenue_cagr_5yr,18.56,33.33,Mar 2024
BAJFINANCE,Consumer Finance,eps_cagr_5yr,27.56,100.0,Mar 2024
CHOLAFIN,Consumer Finance,eps_cagr_5yr,22.28,66.67,Mar 2024
SHRIRAMFIN,Consumer Finance,eps_cagr_5yr,14.29,33.33,Mar 2024
BAJFINANCE,Consumer Finance,interest_coverage,2689.17,100.0,Mar 2024
CHOLAFIN,Consumer Finance,interest_coverage,21.21,66.67,Mar 2024
SHRIRAMFIN,Consumer Finance,interest_coverage,0.68,33.33,Mar 2024
BAJFINANCE,Consumer Finance,asset_turnover,0.15,83.33,Mar 2024
CHOLAFIN,Consumer Finance,asset_turnover,0.12,33.33,Mar 2024
SHRIRAMFIN,Consumer Finance,asset_turnover,0.15,83.33,Mar 2024
BANKBARODA,Public Sector Banks,return_on_equity_pct,15.76,33.33,Mar 2024
CANBK,Public Sector Banks,return_on_equity_pct,16.72,66.67,Mar 2024
PNB,Public Sector Banks,return_on_equity_pct,61.32,100.0,Mar 2024
SBIN,Public Sector Banks,return_on_equity_pct,,,Mar 2024
BANKBARODA,Public Sector Banks,return_on_capital_employed_pct,4.31,50.0,Mar 2024
CANBK,Public Sector Banks,return_on_capital_employed_pct,5.12,100.0,Mar 2024
PNB,Public Sector Banks,return_on_capital_employed_pct,,,Mar 2024
SBIN,Public Sector Banks,return_on_capital_employed_pct,,,Mar 2024
BANKBARODA,Public Sector Banks,net_profit_margin_pct,15.94,100.0,Mar 2024
CANBK,Public Sector Banks,net_profit_margin_pct,13.94,50.0,Mar 2024
PNB,Public Sector Banks,net_profit_margin_pct,8.4,25.0,Mar 2024
SBIN,Public Sector Banks,net_profit_margin_pct,15.83,75.0,Mar 2024
BANKBARODA,Public Sector Banks,debt_to_equity,12.14,33.33,Mar 2024
CANBK,Public Sector Banks,debt_to_equity,14.87,0.0,Mar 2024
PNB,Public Sector Banks,debt_to_equity,3.68,66.67,Mar 2024
SBIN,Public Sector Banks,debt_to_equity,,,Mar 2024
BANKBARODA,Public Sector Banks,free_cash_flow_cr,-7559.0,50.0,Mar 2024
CANBK,Public Sector Banks,free_cash_flow_cr,13296.0,75.0,Mar 2024
PNB,Public Sector Banks,free_cash_flow_cr,-29445.0,25.0,Mar 2024
SBIN,Public Sector Banks,free_cash_flow_cr,18156.0,100.0,Mar 2024
BANKBARODA,Public Sector Banks,pat_cagr_5yr,74.51,33.33,Mar 2024
CANBK,Public Sector Banks,pat_cagr_5yr,85.78,100.0,Mar 2024
PNB,Public Sector Banks,pat_cagr_5yr,,,Mar 2024
SBIN,Public Sector Banks,pat_cagr_5yr,83.41,66.67,Mar 2024
BANKBARODA,Public Sector Banks,revenue_cagr_5yr,17.48,75.0,Mar 2024
CANBK,Public Sector Banks,revenue_cagr_5yr,18.18,100.0,Mar 2024
PNB,Public Sector Banks,revenue_cagr_5yr,15.9,50.0,Mar 2024
SBIN,Public Sector Banks,revenue_cagr_5yr,11.63,25.0,Mar 2024
BANKBARODA,Public Sector Banks,eps_cagr_5yr,55.18,66.67,Mar 2024
CANBK,Public Sector Banks,eps_cagr_5yr,53.42,33.33,Mar 2024
PNB,Public Sector Banks,eps_cagr_5yr,,,Mar 2024
SBIN,Public Sector Banks,eps_cagr_5yr,90.37,100.0,Mar 2024
BANKBARODA,Public Sector Banks,interest_coverage,1.9,100.0,Mar 2024
CANBK,Public Sector Banks,interest_coverage,1.61,66.67,Mar 2024
PNB,Public Sector Banks,interest_coverage,,,Mar 2024
SBIN,Public Sector Banks,interest_coverage,0.37,33.33,Mar 2024
BANKBARODA,Public Sector Banks,asset_turnover,0.07,50.0,Mar 2024
CANBK,Public Sector Banks,asset_turnover,0.07,50.0,Mar 2024
PNB,Public Sector Banks,asset_turnover,1.51,100.0,Mar 2024
SBIN,Public Sector Banks,asset_turnover,,,Mar 2024
BPCL,Oil & Gas,return_on_equity_pct,35.51,100.0,Mar 2024
GAIL,Oil & Gas,return_on_equity_pct,12.86,40.0,Mar 2024
IOC,Oil & Gas,return_on_equity_pct,23.53,80.0,Mar 2024
ONGC,Oil & Gas,return_on_equity_pct,16.94,60.0,Mar 2024
RELIANCE,Oil & Gas,return_on_equity_pct,9.96,20.0,Mar 2024
BPCL,Oil & Gas,return_on_capital_employed_pct,37.03,100.0,Mar 2024
GAIL,Oil & Gas,return_on_capital_employed_pct,15.22,40.0,Mar 2024
IOC,Oil & Gas,return_on_capital_employed_pct,26.43,80.0,Mar 2024
ONGC,Oil & Gas,return_on_capital_employed_pct,23.06,60.0,Mar 2024
RELIANCE,Oil & Gas,return_on_capital_employed_pct,14.82,20.0,Mar 2024
BPCL,Oil & Gas,net_profit_margin_pct,5.99,40.0,Mar 2024
GAIL,Oil & Gas,net_profit_margin_pct,7.43,60.0,Mar 2024
IOC,Oil & Gas,net_profit_margin_pct,5.56,20.0,Mar 2024
ONGC,Oil & Gas,net_profit_margin_pct,9.66,100.0,Mar 2024
RELIANCE,Oil & Gas,net_profit_margin_pct,8.79,80.0,Mar 2024
BPCL,Oil & Gas,debt_to_equity,0.72,10.0,Mar 2024
GAIL,Oil & Gas,debt_to_equity,0.28,80.0,Mar 2024
IOC,Oil & Gas,debt_to_equity,0.72,10.0,Mar 2024
ONGC,Oil & Gas,debt_to_equity,0.45,60.0,Mar 2024
RELIANCE,Oil & Gas,debt_to_equity,0.58,40.0,Mar 2024
BPCL,Oil & Gas,free_cash_flow_cr,25415.0,40.0,Mar 2024
GAIL,Oil & Gas,free_cash_flow_cr,4360.0,20.0,Mar 2024
IOC,Oil & Gas,free_cash_flow_cr,39635.0,60.0,Mar 2024
ONGC,Oil & Gas,free_cash_flow_cr,42060.0,80.0,Mar 2024
RELIANCE,Oil & Gas,free_cash_flow_cr,45207.0,100.0,Mar 2024
BPCL,Oil & Gas,pat_cagr_5yr,25.79,100.0,Mar 2024
GAIL,Oil & Gas,pat_cagr_5yr,8.61,20.0,Mar 2024
IOC,Oil & Gas,pat_cagr_5yr,20.1,80.0,Mar 2024
ONGC,Oil & Gas,pat_cagr_5yr,10.97,40.0,Mar 2024
RELIANCE,Oil & Gas,pat_cagr_5yr,14.68,60.0,Mar 2024
BPCL,Oil & Gas,revenue_cagr_5yr,8.48,60.0,Mar 2024
GAIL,Oil & Gas,revenue_cagr_5yr,11.83,100.0,Mar 2024
IOC,Oil & Gas,revenue_cagr_5yr,8.01,40.0,Mar 2024
ONGC,Oil & Gas,revenue_cagr_5yr,7.0,20.0,Mar 2024
RELIANCE,Oil & Gas,revenue_cagr_5yr,9.61,80.0,Mar 2024
BPCL,Oil & Gas,eps_cagr_5yr,28.06,100.0,Mar 2024
GAIL,Oil & Gas,eps_cagr_5yr,8.45,20.0,Mar 2024
IOC,Oil & Gas,eps_cagr_5yr,20.11,80.0,Mar 2024
ONGC,Oil & Gas,eps_cagr_5yr,10.2,40.0,Mar 2024
RELIANCE,Oil & Gas,eps_cagr_5yr,11.95,60.0,Mar 2024
BPCL,Oil & Gas,interest_coverage,11.36,70.0,Mar 2024
GAIL,Oil & Gas,interest_coverage,23.62,100.0,Mar 2024
IOC,Oil & Gas,interest_coverage,10.28,40.0,Mar 2024
ONGC,Oil & Gas,interest_coverage,11.36,70.0,Mar 2024
RELIANCE,Oil & Gas,interest_coverage,7.73,20.0,Mar 2024
BPCL,Oil & Gas,asset_turnover,2.21,100.0,Mar 2024
GAIL,Oil & Gas,asset_turnover,1.07,60.0,Mar 2024
IOC,Oil & Gas,asset_turnover,1.61,80.0,Mar 2024
ONGC,Oil & Gas,asset_turnover,0.83,40.0,Mar 2024
RELIANCE,Oil & Gas,asset_turnover,0.51,20.0,Mar 2024
BRITANNIA,FMCG,return_on_equity_pct,54.15,85.71,Mar 2024
DABUR,FMCG,return_on_equity_pct,18.36,42.86,Mar 2024
GODREJCP,FMCG,return_on_equity_pct,-4.45,14.29,Mar 2024
HINDUNILVR,FMCG,return_on_equity_pct,20.07,57.14,Mar 2024
ITC,FMCG,return_on_equity_pct,27.85,71.43,Mar 2024
NESTLEIND,FMCG,return_on_equity_pct,117.75,100.0,Mar 2024
TATACONSUM,FMCG,return_on_equity_pct,7.57,28.57,Mar 2024
BRITANNIA,FMCG,return_on_capital_employed_pct,55.46,71.43,Mar 2024
DABUR,FMCG,return_on_capital_employed_pct,22.47,42.86,Mar 2024
GODREJCP,FMCG,return_on_capital_employed_pct,20.65,28.57,Mar 2024
HINDUNILVR,FMCG,return_on_capital_employed_pct,91.18,85.71,Mar 2024
ITC,FMCG,return_on_capital_employed_pct,35.17,57.14,Mar 2024
NESTLEIND,FMCG,return_on_capital_employed_pct,161.68,100.0,Mar 2024
TATACONSUM,FMCG,return_on_capital_employed_pct,12.14,14.29,Mar 2024
BRITANNIA,FMCG,net_profit_margin_pct,12.73,42.86,Mar 2024
DABUR,FMCG,net_profit_margin_pct,14.6,57.14,Mar 2024
GODREJCP,FMCG,net_profit_margin_pct,-3.98,14.29,Mar 2024
HINDUNILVR,FMCG,net_profit_margin_pct,16.61,85.71,Mar 2024
ITC,FMCG,net_profit_margin_pct,29.28,100.0,Mar 2024
NESTLEIND,FMCG,net_profit_margin_pct,16.12,71.43,Mar 2024
TATACONSUM,FMCG,net_profit_margin_pct,7.99,28.57,Mar 2024
BRITANNIA,FMCG,debt_to_equity,0.52,0.0,Mar 2024
DABUR,FMCG,debt_to_equity,0.14,42.86,Mar 2024
GODREJCP,FMCG,debt_to_equity,0.26,14.29,Mar 2024
HINDUNILVR,FMCG,debt_to_equity,0.03,71.43,Mar 2024
ITC,FMCG,debt_to_equity,0.0,85.71,Mar 2024
NESTLEIND,FMCG,debt_to_equity,0.1,57.14,Mar 2024
TATACONSUM,FMCG,debt_to_equity,0.22,28.57,Mar 2024
BRITANNIA,FMCG,free_cash_flow_cr,3050.0,71.43,Mar 2024
DABUR,FMCG,free_cash_flow_cr,1042.0,42.86,Mar 2024
GODREJCP,FMCG,free_cash_flow_cr,-1365.0,14.29,Mar 2024
HINDUNILVR,FMCG,free_cash_flow_cr,10145.0,85.71,Mar 2024
ITC,FMCG,free_cash_flow_cr,18742.0,100.0,Mar 2024
NESTLEIND,FMCG,free_cash_flow_cr,2938.0,57.14,Mar 2024
TATACONSUM,FMCG,free_cash_flow_cr,26.0,28.57,Mar 2024
BRITANNIA,FMCG,pat_cagr_5yr,13.06,66.67,Mar 2024
DABUR,FMCG,pat_cagr_5yr,4.6,16.67,Mar 2024
GODREJCP,FMCG,pat_cagr_5yr,,,Mar 2024
HINDUNILVR,FMCG,pat_cagr_5yr,11.15,50.0,Mar 2024
ITC,FMCG,pat_cagr_5yr,10.08,33.33,Mar 2024
NESTLEIND,FMCG,pat_cagr_5yr,14.85,83.33,Mar 2024
TATACONSUM,FMCG,pat_cagr_5yr,21.6,100.0,Mar 2024
BRITANNIA,FMCG,revenue_cagr_5yr,8.69,57.14,Mar 2024
DABUR,FMCG,revenue_cagr_5yr,7.81,28.57,Mar 2024
GODREJCP,FMCG,revenue_cagr_5yr,6.45,14.29,Mar 2024
HINDUNILVR,FMCG,revenue_cagr_5yr,9.5,71.43,Mar 2024
ITC,FMCG,revenue_cagr_5yr,7.95,42.86,Mar 2024
NESTLEIND,FMCG,revenue_cagr_5yr,14.55,85.71,Mar 2024
TATACONSUM,FMCG,revenue_cagr_5yr,15.96,100.0,Mar 2024
BRITANNIA,FMCG,eps_cagr_5yr,13.14,66.67,Mar 2024
DABUR,FMCG,eps_cagr_5yr,4.56,16.67,Mar 2024
GODREJCP,FMCG,eps_cagr_5yr,,,Mar 2024
HINDUNILVR,FMCG,eps_cagr_5yr,9.46,33.33,Mar 2024
ITC,FMCG,eps_cagr_5yr,9.86,50.0,Mar 2024
NESTLEIND,FMCG,eps_cagr_5yr,15.44,100.0,Mar 2024
TATACONSUM,FMCG,eps_cagr_5yr,14.87,83.33,Mar 2024
BRITANNIA,FMCG,interest_coverage,20.6,28.57,Mar 2024
DABUR,FMCG,interest_coverage,23.24,42.86,Mar 2024
GODREJCP,FMCG,interest_coverage,2.41,14.29,Mar 2024
HINDUNILVR,FMCG,interest_coverage,57.85,85.71,Mar 2024
ITC,FMCG,interest_coverage,362.96,100.0,Mar 2024
NESTLEIND,FMCG,interest_coverage,41.19,71.43,Mar 2024
TATACONSUM,FMCG,interest_coverage,25.32,57.14,Mar 2024
BRITANNIA,FMCG,asset_turnover,1.85,85.71,Mar 2024
DABUR,FMCG,asset_turnover,0.82,71.43,Mar 2024
GODREJCP,FMCG,asset_turnover,0.77,35.71,Mar 2024
HINDUNILVR,FMCG,asset_turnover,0.79,57.14,Mar 2024
ITC,FMCG,asset_turnover,0.77,35.71,Mar 2024
NESTLEIND,FMCG,asset_turnover,2.32,100.0,Mar 2024
TATACONSUM,FMCG,asset_turnover,0.55,14.29,Mar 2024
CIPLA,Pharmaceuticals,return_on_equity_pct,15.55,60.0,Mar 2024
DIVISLAB,Pharmaceuticals,return_on_equity_pct,11.79,20.0,Mar 2024
DRREDDY,Pharmaceuticals,return_on_equity_pct,19.74,80.0,Mar 2024
SUNPHARMA,Pharmaceuticals,return_on_equity_pct,15.09,40.0,Mar 2024
TORNTPHARM,Pharmaceuticals,return_on_equity_pct,24.15,100.0,Mar 2024
CIPLA,Pharmaceuticals,return_on_capital_employed_pct,73.48,100.0,Mar 2024
DIVISLAB,Pharmaceuticals,return_on_capital_employed_pct,16.31,20.0,Mar 2024
DRREDDY,Pharmaceuticals,return_on_capital_employed_pct,26.78,60.0,Mar 2024
SUNPHARMA,Pharmaceuticals,return_on_capital_employed_pct,19.8,40.0,Mar 2024
TORNTPHARM,Pharmaceuticals,return_on_capital_employed_pct,34.22,80.0,Mar 2024
CIPLA,Pharmaceuticals,net_profit_margin_pct,16.12,40.0,Mar 2024
DIVISLAB,Pharmaceuticals,net_profit_margin_pct,20.4,100.0,Mar 2024
DRREDDY,Pharmaceuticals,net_profit_margin_pct,19.91,80.0,Mar 2024
SUNPHARMA,Pharmaceuticals,net_profit_margin_pct,19.82,60.0,Mar 2024
TORNTPHARM,Pharmaceuticals,net_profit_margin_pct,15.44,20.0,Mar 2024
CIPLA,Pharmaceuticals,debt_to_equity,0.02,60.0,Mar 2024
DIVISLAB,Pharmaceuticals,debt_to_equity,0.0,80.0,Mar 2024
DRREDDY,Pharmaceuticals,debt_to_equity,0.07,20.0,Mar 2024
SUNPHARMA,Pharmaceuticals,debt_to_equity,0.05,40.0,Mar 2024
TORNTPHARM,Pharmaceuticals,debt_to_equity,0.59,0.0,Mar 2024
CIPLA,Pharmaceuticals,free_cash_flow_cr,1152.0,60.0,Mar 2024
DIVISLAB,Pharmaceuticals,free_cash_flow_cr,992.0,40.0,Mar 2024
DRREDDY,Pharmaceuticals,free_cash_flow_cr,509.0,20.0,Mar 2024
SUNPHARMA,Pharmaceuticals,free_cash_flow_cr,11372.0,100.0,Mar 2024
TORNTPHARM,Pharmaceuticals,free_cash_flow_cr,3106.0,80.0,Mar 2024
CIPLA,Pharmaceuticals,pat_cagr_5yr,22.73,40.0,Mar 2024
DIVISLAB,Pharmaceuticals,pat_cagr_5yr,3.41,20.0,Mar 2024
DRREDDY,Pharmaceuticals,pat_cagr_5yr,23.39,60.0,Mar 2024
SUNPHARMA,Pharmaceuticals,pat_cagr_5yr,24.54,80.0,Mar 2024
TORNTPHARM,Pharmaceuticals,pat_cagr_5yr,30.59,100.0,Mar 2024
CIPLA,Pharmaceuticals,revenue_cagr_5yr,9.51,40.0,Mar 2024
DIVISLAB,Pharmaceuticals,revenue_cagr_5yr,9.66,60.0,Mar 2024
DRREDDY,Pharmaceuticals,revenue_cagr_5yr,12.64,100.0,Mar 2024
SUNPHARMA,Pharmaceuticals,revenue_cagr_5yr,10.78,80.0,Mar 2024
TORNTPHARM,Pharmaceuticals,revenue_cagr_5yr,6.93,20.0,Mar 2024
CIPLA,Pharmaceuticals,eps_cagr_5yr,21.83,40.0,Mar 2024
DIVISLAB,Pharmaceuticals,eps_cagr_5yr,3.3,20.0,Mar 2024
DRREDDY,Pharmaceuticals,eps_cagr_5yr,23.84,60.0,Mar 2024
SUNPHARMA,Pharmaceuticals,eps_cagr_5yr,29.46,80.0,Mar 2024
TORNTPHARM,Pharmaceuticals,eps_cagr_5yr,30.39,100.0,Mar 2024
CIPLA,Pharmaceuticals,interest_coverage,35.34,40.0,Mar 2024
DIVISLAB,Pharmaceuticals,interest_coverage,636.25,100.0,Mar 2024
DRREDDY,Pharmaceuticals,interest_coverage,51.71,60.0,Mar 2024
SUNPHARMA,Pharmaceuticals,interest_coverage,58.33,80.0,Mar 2024
TORNTPHARM,Pharmaceuticals,interest_coverage,9.93,20.0,Mar 2024
CIPLA,Pharmaceuticals,asset_turnover,0.79,100.0,Mar 2024
DIVISLAB,Pharmaceuticals,asset_turnover,0.51,20.0,Mar 2024
DRREDDY,Pharmaceuticals,asset_turnover,0.72,60.0,Mar 2024
SUNPHARMA,Pharmaceuticals,asset_turnover,0.57,40.0,Mar 2024
TORNTPHARM,Pharmaceuticals,asset_turnover,0.74,80.0,Mar 2024
HCLTECH,IT Services,return_on_equity_pct,23.01,60.0,Mar 2024
INFY,IT Services,return_on_equity_pct,29.79,80.0,Mar 2024
LTIM,IT Services,return_on_equity_pct,22.9,40.0,Mar 2024
TCS,IT Services,return_on_equity_pct,50.94,100.0,Mar 2024
TECHM,IT Services,return_on_equity_pct,8.99,20.0,Mar 2024
HCLTECH,IT Services,return_on_capital_employed_pct,33.44,60.0,Mar 2024
INFY,IT Services,return_on_capital_employed_pct,38.24,80.0,Mar 2024
LTIM,IT Services,return_on_capital_employed_pct,29.92,40.0,Mar 2024
TCS,IT Services,return_on_capital_employed_pct,66.06,100.0,Mar 2024
TECHM,IT Services,return_on_capital_employed_pct,16.77,20.0,Mar 2024
HCLTECH,IT Services,net_profit_margin_pct,14.29,60.0,Mar 2024
INFY,IT Services,net_profit_margin_pct,17.08,80.0,Mar 2024
LTIM,IT Services,net_profit_margin_pct,12.91,40.0,Mar 2024
TCS,IT Services,net_profit_margin_pct,19.14,100.0,Mar 2024
TECHM,IT Services,net_profit_margin_pct,4.61,20.0,Mar 2024
HCLTECH,IT Services,debt_to_equity,0.08,80.0,Mar 2024
INFY,IT Services,debt_to_equity,0.09,50.0,Mar 2024
LTIM,IT Services,debt_to_equity,0.1,10.0,Mar 2024
TCS,IT Services,debt_to_equity,0.09,50.0,Mar 2024
TECHM,IT Services,debt_to_equity,0.1,10.0,Mar 2024
HCLTECH,IT Services,free_cash_flow_cr,15840.0,60.0,Mar 2024
INFY,IT Services,free_cash_flow_cr,20117.0,80.0,Mar 2024
LTIM,IT Services,free_cash_flow_cr,1752.0,20.0,Mar 2024
TCS,IT Services,free_cash_flow_cr,50429.0,100.0,Mar 2024
TECHM,IT Services,free_cash_flow_cr,5058.0,40.0,Mar 2024
HCLTECH,IT Services,pat_cagr_5yr,9.19,60.0,Mar 2024
INFY,IT Services,pat_cagr_5yr,11.24,80.0,Mar 2024
LTIM,IT Services,pat_cagr_5yr,24.78,100.0,Mar 2024
TCS,IT Services,pat_cagr_5yr,7.87,40.0,Mar 2024
TECHM,IT Services,pat_cagr_5yr,-10.99,20.0,Mar 2024
HCLTECH,IT Services,revenue_cagr_5yr,12.71,60.0,Mar 2024
INFY,IT Services,revenue_cagr_5yr,13.2,80.0,Mar 2024
LTIM,IT Services,revenue_cagr_5yr,30.33,100.0,Mar 2024
TCS,IT Services,revenue_cagr_5yr,10.46,40.0,Mar 2024
TECHM,IT Services,revenue_cagr_5yr,8.4,20.0,Mar 2024
HCLTECH,IT Services,eps_cagr_5yr,9.41,60.0,Mar 2024
INFY,IT Services,eps_cagr_5yr,12.47,100.0,Mar 2024
LTIM,IT Services,eps_cagr_5yr,12.24,80.0,Mar 2024
TCS,IT Services,eps_cagr_5yr,8.62,40.0,Mar 2024
TECHM,IT Services,eps_cagr_5yr,-11.42,20.0,Mar 2024
HCLTECH,IT Services,interest_coverage,46.46,60.0,Mar 2024
INFY,IT Services,interest_coverage,87.52,100.0,Mar 2024
LTIM,IT Services,interest_coverage,31.93,40.0,Mar 2024
TCS,IT Services,interest_coverage,87.1,80.0,Mar 2024
TECHM,IT Services,interest_coverage,13.86,20.0,Mar 2024
HCLTECH,IT Services,asset_turnover,1.11,20.0,Mar 2024
INFY,IT Services,asset_turnover,1.13,40.0,Mar 2024
LTIM,IT Services,asset_turnover,1.29,80.0,Mar 2024
TCS,IT Services,asset_turnover,1.66,100.0,Mar 2024
TECHM,IT Services,asset_turnover,1.21,60.0,Mar 2024
HDFCLIFE,Life Insurance,return_on_equity_pct,10.73,50.0,Mar 2024
ICICIPRULI,Life Insurance,return_on_equity_pct,7.73,25.0,Mar 2024
LICI,Life Insurance,return_on_equity_pct,49.45,100.0,Mar 2024
SBILIFE,Life Insurance,return_on_equity_pct,12.7,75.0,Mar 2024
HDFCLIFE,Life Insurance,return_on_capital_employed_pct,649.82,75.0,Mar 2024
ICICIPRULI,Life Insurance,return_on_capital_employed_pct,779.24,100.0,Mar 2024
LICI,Life Insurance,return_on_capital_employed_pct,39.77,50.0,Mar 2024
SBILIFE,Life Insurance,return_on_capital_employed_pct,1.71,25.0,Mar 2024
HDFCLIFE,Life Insurance,net_profit_margin_pct,1.55,75.0,Mar 2024
ICICIPRULI,Life Insurance,net_profit_margin_pct,0.94,25.0,Mar 2024
LICI,Life Insurance,net_profit_margin_pct,4.84,100.0,Mar 2024
SBILIFE,Life Insurance,net_profit_margin_pct,1.43,50.0,Mar 2024
HDFCLIFE,Life Insurance,debt_to_equity,0.06,25.0,Mar 2024
ICICIPRULI,Life Insurance,debt_to_equity,0.11,0.0,Mar 2024
LICI,Life Insurance,debt_to_equity,0.0,62.5,Mar 2024
SBILIFE,Life Insurance,debt_to_equity,0.0,62.5,Mar 2024
HDFCLIFE,Life Insurance,free_cash_flow_cr,-2893.0,25.0,Mar 2024
ICICIPRULI,Life Insurance,free_cash_flow_cr,105.0,75.0,Mar 2024
LICI,Life Insurance,free_cash_flow_cr,853.0,100.0,Mar 2024
SBILIFE,Life Insurance,free_cash_flow_cr,-2099.0,50.0,Mar 2024
HDFCLIFE,Life Insurance,pat_cagr_5yr,4.25,50.0,Mar 2024
ICICIPRULI,Life Insurance,pat_cagr_5yr,-5.66,25.0,Mar 2024
LICI,Life Insurance,pat_cagr_5yr,73.18,100.0,Mar 2024
SBILIFE,Life Insurance,pat_cagr_5yr,7.37,75.0,Mar 2024
HDFCLIFE,Life Insurance,revenue_cagr_5yr,21.17,75.0,Mar 2024
ICICIPRULI,Life Insurance,revenue_cagr_5yr,16.85,50.0,Mar 2024
LICI,Life Insurance,revenue_cagr_5yr,8.16,25.0,Mar 2024
SBILIFE,Life Insurance,revenue_cagr_5yr,24.23,100.0,Mar 2024
HDFCLIFE,Life Insurance,eps_cagr_5yr,3.13,66.67,Mar 2024
ICICIPRULI,Life Insurance,eps_cagr_5yr,-5.59,33.33,Mar 2024
LICI,Life Insurance,eps_cagr_5yr,,,Mar 2024
SBILIFE,Life Insurance,eps_cagr_5yr,7.89,100.0,Mar 2024
HDFCLIFE,Life Insurance,interest_coverage,192.29,50.0,Mar 2024
ICICIPRULI,Life Insurance,interest_coverage,31.02,25.0,Mar 2024
LICI,Life Insurance,interest_coverage,371.94,100.0,Mar 2024
SBILIFE,Life Insurance,interest_coverage,240.33,75.0,Mar 2024
HDFCLIFE,Life Insurance,asset_turnover,0.34,100.0,Mar 2024
ICICIPRULI,Life Insurance,asset_turnover,0.3,50.0,Mar 2024
LICI,Life Insurance,asset_turnover,0.16,25.0,Mar 2024
SBILIFE,Life Insurance,asset_turnover,0.33,75.0,Mar 2024
HINDALCO,Steel,return_on_equity_pct,9.57,50.0,Mar 2024
JINDALSTEL,Steel,return_on_equity_pct,13.41,100.0,Mar 2024
JSWSTEEL,Steel,return_on_equity_pct,11.55,75.0,Mar 2024
TATASTEEL,Steel,return_on_equity_pct,-5.33,25.0,Mar 2024
HINDALCO,Steel,return_on_capital_employed_pct,119.14,100.0,Mar 2024
JINDALSTEL,Steel,return_on_capital_employed_pct,18.91,50.0,Mar 2024
JSWSTEEL,Steel,return_on_capital_employed_pct,21.89,75.0,Mar 2024
TATASTEEL,Steel,return_on_capital_employed_pct,16.61,25.0,Mar 2024
HINDALCO,Steel,net_profit_margin_pct,4.7,50.0,Mar 2024
JINDALSTEL,Steel,net_profit_margin_pct,11.8,100.0,Mar 2024
JSWSTEEL,Steel,net_profit_margin_pct,5.13,75.0,Mar 2024
TATASTEEL,Steel,net_profit_margin_pct,-2.14,25.0,Mar 2024
HINDALCO,Steel,debt_to_equity,0.53,50.0,Mar 2024
JINDALSTEL,Steel,debt_to_equity,0.37,75.0,Mar 2024
JSWSTEEL,Steel,debt_to_equity,1.13,0.0,Mar 2024
TATASTEEL,Steel,debt_to_equity,0.95,25.0,Mar 2024
HINDALCO,Steel,free_cash_flow_cr,9789.0,100.0,Mar 2024
JINDALSTEL,Steel,free_cash_flow_cr,-2336.0,50.0,Mar 2024
JSWSTEEL,Steel,free_cash_flow_cr,-2389.0,25.0,Mar 2024
TATASTEEL,Steel,free_cash_flow_cr,6048.0,75.0,Mar 2024
HINDALCO,Steel,pat_cagr_5yr,13.07,100.0,Mar 2024
JINDALSTEL,Steel,pat_cagr_5yr,,,Mar 2024
JSWSTEEL,Steel,pat_cagr_5yr,3.59,50.0,Mar 2024
TATASTEEL,Steel,pat_cagr_5yr,,,Mar 2024
HINDALCO,Steel,revenue_cagr_5yr,10.59,75.0,Mar 2024
JINDALSTEL,Steel,revenue_cagr_5yr,1.4,25.0,Mar 2024
JSWSTEEL,Steel,revenue_cagr_5yr,15.6,100.0,Mar 2024
TATASTEEL,Steel,revenue_cagr_5yr,7.77,50.0,Mar 2024
HINDALCO,Steel,eps_cagr_5yr,13.4,100.0,Mar 2024
JINDALSTEL,Steel,eps_cagr_5yr,,,Mar 2024
JSWSTEEL,Steel,eps_cagr_5yr,2.38,50.0,Mar 2024
TATASTEEL,Steel,eps_cagr_5yr,,,Mar 2024
HINDALCO,Steel,interest_coverage,126.47,100.0,Mar 2024
JINDALSTEL,Steel,interest_coverage,8.0,75.0,Mar 2024
JSWSTEEL,Steel,interest_coverage,3.66,50.0,Mar 2024
TATASTEEL,Steel,interest_coverage,2.16,25.0,Mar 2024
HINDALCO,Steel,asset_turnover,0.94,100.0,Mar 2024
JINDALSTEL,Steel,asset_turnover,0.64,25.0,Mar 2024
JSWSTEEL,Steel,asset_turnover,0.77,50.0,Mar 2024
TATASTEEL,Steel,asset_turnover,0.85,75.0,Mar 2024
